T3UM,left,0,31
T3UM,left,1,32
T3UM,left,2,33
T3UM,left,3,34
T3UM,right,0,36
T3UM,right,1,37
T3UM,right,2,38
T3UM,right,3,39
J26N,left,0,11
J26N,left,1,12
J26N,left,2,13
J26N,left,3,14
J26N,right,0,16
J26N,right,1,17
J26N,right,2,18
J26N,right,3,19
4FLX,left,0,21
4FLX,left,1,22
4FLX,left,2,23
4FLX,left,3,24
4FLX,right,0,26
4FLX,right,1,27
4FLX,right,2,28
4FLX,right,3,29
8Q0T,left,0,41
8Q0T,left,1,42
8Q0T,left,2,43
8Q0T,left,3,44
8Q0T,right,0,46
8Q0T,right,1,47
8Q0T,right,2,48
8Q0T,right,3,49
T3WB,left,0,1
T3WB,left,1,2
T3WB,left,2,3
T3WB,left,3,4
T3WB,right,0,6
T3WB,right,1,7
T3WB,right,2,8
T3WB,right,3,9
